Product 1,Product 2,Support
herb & pepper,ground beef,0.015997866951073192
whole wheat pasta,olive oil,0.007998933475536596
pasta,escalope,0.005865884548726837
mushroom cream sauce,escalope,0.005732568990801226
tomato sauce,ground beef,0.005332622317024397
pasta,shrimp,0.005065991201173177
light cream,chicken,0.004532728969470737
fromage blanc,honey,0.003332888948140248
light cream,olive oil,0.003199573390214638
