Predicted,Actual
103015.20159795521,103282.38
132582.27760816005,144259.4
132447.73845174047,146121.95
71976.09851257835,77798.83
178537.48221055372,191050.39
116161.24230165884,105008.31
67851.6920967556,81229.06
98791.73374686314,97483.56
113969.43533013003,110352.25
167921.06569550512,166187.94
