R&D Spend,Administration,Marketing Spend,Profit
1.0,0.24195524508168914,0.7242481330538791,0.9729004656594831
0.24195524508168914,1.0,-0.03215387512538656,0.20071656826872133
0.7242481330538791,-0.03215387512538656,1.0,0.7477657217414766
0.9729004656594831,0.20071656826872133,0.7477657217414766,1.0
