Variable,Coefficient
R&D Spend,86.63836918478817
Administration,-872.6457908797435
Marketing Spend,786.0074216944598
State,0.7734671927326701
